<CodeStyleSettings>
  <CSharp>
    <DefaultExceptionName>e</DefaultExceptionName>
    <PreferLongerNames>False</PreferLongerNames>
    <FieldNameSettings prefix="" suffix="" />
    <StaticFieldNameSettings prefix="" suffix="" />
    <ParameterNameSettings prefix="" suffix="" />
    <LocalVariableNameSettings prefix="" suffix="" />
    <FormatSettings>
      <INSERT_TABS>False</INSERT_TABS>
      <INDENT_SIZE>4</INDENT_SIZE>
      <CONTINUOUS_INDENT_MULTIPLIER>1</CONTINUOUS_INDENT_MULTIPLIER>
      <SPACE_BEFORE_METHOD_CALL_PARENTHESES>False</SPACE_BEFORE_METHOD_CALL_PARENTHESES>
      <SPACE_BEFORE_EMPTY_METHOD_CALL_PARENTHESES>False</SPACE_BEFORE_EMPTY_METHOD_CALL_PARENTHESES>
      <SPACE_BEFORE_METHOD_PARENTHESES>False</SPACE_BEFORE_METHOD_PARENTHESES>
      <SPACE_BEFORE_EMPTY_METHOD_PARENTHESES>False</SPACE_BEFORE_EMPTY_METHOD_PARENTHESES>
      <SPACE_WITHIN_METHOD_PARENTHESES>False</SPACE_WITHIN_METHOD_PARENTHESES>
      <SPACE_WITHIN_EMPTY_METHOD_PARENTHESES>False</SPACE_WITHIN_EMPTY_METHOD_PARENTHESES>
      <SPACE_WITHIN_METHOD_CALL_PARENTHESES>False</SPACE_WITHIN_METHOD_CALL_PARENTHESES>
      <SPACE_WITHIN_EMPTY_METHOD_CALL_PARENTHESES>False</SPACE_WITHIN_EMPTY_METHOD_CALL_PARENTHESES>
      <SPACE_BEFORE_ARRAY_ACCESS_BRACKETS>False</SPACE_BEFORE_ARRAY_ACCESS_BRACKETS>
      <SPACE_WITHIN_ARRAY_ACCESS_BRACKETS>False</SPACE_WITHIN_ARRAY_ACCESS_BRACKETS>
      <SPACE_BEFORE_IF_PARENTHESES>True</SPACE_BEFORE_IF_PARENTHESES>
      <SPACE_BEFORE_IFELSE_LEFT_BRACE>True</SPACE_BEFORE_IFELSE_LEFT_BRACE>
      <SPACE_WITHIN_IF_PARENTHESES>False</SPACE_WITHIN_IF_PARENTHESES>
      <SPACE_WITHIN_TYPECAST_PARENTHESES>False</SPACE_WITHIN_TYPECAST_PARENTHESES>
      <SPACE_AFTER_TYPECAST_PARENTHESES>True</SPACE_AFTER_TYPECAST_PARENTHESES>
      <SPACE_WITHIN_PARENTHESES>False</SPACE_WITHIN_PARENTHESES>
      <SPACE_BEFORE_DO_LEFT_BRACE>True</SPACE_BEFORE_DO_LEFT_BRACE>
      <SPACE_BEFORE_WHILE_LEFT_BRACE>True</SPACE_BEFORE_WHILE_LEFT_BRACE>
      <SPACE_BEFORE_WHILE_PARENTHESES>True</SPACE_BEFORE_WHILE_PARENTHESES>
      <SPACE_WITHIN_WHILE_PARENTHESES>False</SPACE_WITHIN_WHILE_PARENTHESES>
      <SPACE_BEFORE_CATCH_PARENTHESES>True</SPACE_BEFORE_CATCH_PARENTHESES>
      <SPACE_WITHIN_CATCH_PARENTHESES>False</SPACE_WITHIN_CATCH_PARENTHESES>
      <SPACE_BEFORE_TRY_LEFT_BRACE>True</SPACE_BEFORE_TRY_LEFT_BRACE>
      <SPACE_BEFORE_CATCH_LEFT_BRACE>True</SPACE_BEFORE_CATCH_LEFT_BRACE>
      <SPACE_BEFORE_FINALLY_LEFT_BRACE>True</SPACE_BEFORE_FINALLY_LEFT_BRACE>
      <SPACE_BEFORE_SWITCH_PARENTHESES>True</SPACE_BEFORE_SWITCH_PARENTHESES>
      <SPACE_WITHIN_SWITCH_PARENTHESES>False</SPACE_WITHIN_SWITCH_PARENTHESES>
      <SPACE_BEFORE_SWITCH_LEFT_BRACE>True</SPACE_BEFORE_SWITCH_LEFT_BRACE>
      <SPACE_BEFORE_FOR_PARENTHESES>True</SPACE_BEFORE_FOR_PARENTHESES>
      <SPACE_WITHIN_FOR_PARENTHESES>False</SPACE_WITHIN_FOR_PARENTHESES>
      <SPACE_BEFORE_FOR_LEFT_BRACE>True</SPACE_BEFORE_FOR_LEFT_BRACE>
      <SPACE_BEFORE_FOREACH_PARENTHESES>True</SPACE_BEFORE_FOREACH_PARENTHESES>
      <SPACE_WITHIN_FOREACH_PARENTHESES>False</SPACE_WITHIN_FOREACH_PARENTHESES>
      <SPACE_BEFORE_FOREACH_LEFT_BRACE>True</SPACE_BEFORE_FOREACH_LEFT_BRACE>
      <SPACE_BEFORE_USING_PARENTHESES>True</SPACE_BEFORE_USING_PARENTHESES>
      <SPACE_WITHIN_USING_PARENTHESES>False</SPACE_WITHIN_USING_PARENTHESES>
      <SPACE_BEFORE_USING_LEFT_BRACE>True</SPACE_BEFORE_USING_LEFT_BRACE>
      <SPACE_BEFORE_LOCK_PARENTHESES>True</SPACE_BEFORE_LOCK_PARENTHESES>
      <SPACE_WITHIN_LOCK_PARENTHESES>False</SPACE_WITHIN_LOCK_PARENTHESES>
      <SPACE_BEFORE_LOCK_LEFT_BRACE>True</SPACE_BEFORE_LOCK_LEFT_BRACE>
      <SPACE_BEFORE_TYPEOF_PARENTHESES>True</SPACE_BEFORE_TYPEOF_PARENTHESES>
      <SPACE_WITHIN_TYPEOF_PARENTHESES>False</SPACE_WITHIN_TYPEOF_PARENTHESES>
      <SPACE_BEFORE_FIXED_PARENTHESES>True</SPACE_BEFORE_FIXED_PARENTHESES>
      <SPACE_WITHIN_FIXED_PARENTHESES>False</SPACE_WITHIN_FIXED_PARENTHESES>
      <SPACE_BEFORE_FIXED_LEFT_BRACE>True</SPACE_BEFORE_FIXED_LEFT_BRACE>
      <SPACE_BEFORE_SIZEOF_PARENTHESES>True</SPACE_BEFORE_SIZEOF_PARENTHESES>
      <SPACE_WITHIN_SIZEOF_PARENTHESES>False</SPACE_WITHIN_SIZEOF_PARENTHESES>
      <SPACE_BEFORE_UNSAFE_LEFT_BRACE>True</SPACE_BEFORE_UNSAFE_LEFT_BRACE>
      <SPACE_BEFORE_TYPE_PARAMETER_ANGLE>False</SPACE_BEFORE_TYPE_PARAMETER_ANGLE>
      <SPACE_WITHIN_TYPE_PARAMETER_ANGLES>False</SPACE_WITHIN_TYPE_PARAMETER_ANGLES>
      <SPACE_BEFORE_TYPE_ARGUMENT_ANGLE>False</SPACE_BEFORE_TYPE_ARGUMENT_ANGLE>
      <SPACE_WITHIN_TYPE_ARGUMENT_ANGLES>False</SPACE_WITHIN_TYPE_ARGUMENT_ANGLES>
      <SPACE_AFTER_COMMA>True</SPACE_AFTER_COMMA>
      <SPACE_BEFORE_COMMA>False</SPACE_BEFORE_COMMA>
      <SPACE_BEFORE_FOR_SEMICOLON>False</SPACE_BEFORE_FOR_SEMICOLON>
      <SPACE_AFTER_FOR_SEMICOLON>True</SPACE_AFTER_FOR_SEMICOLON>
      <SPACE_BEFORE_TERNARY_QUEST>True</SPACE_BEFORE_TERNARY_QUEST>
      <SPACE_AFTER_TERNARY_QUEST>True</SPACE_AFTER_TERNARY_QUEST>
      <SPACE_BEFORE_TERNARY_COLON>True</SPACE_BEFORE_TERNARY_COLON>
      <SPACE_AFTER_TERNARY_COLON>True</SPACE_AFTER_TERNARY_COLON>
      <SPACE_BEFORE_ATTRIBUTE_COLON>True</SPACE_BEFORE_ATTRIBUTE_COLON>
      <SPACE_AFTER_ATTRIBUTE_COLON>True</SPACE_AFTER_ATTRIBUTE_COLON>
      <SPACE_BEFORE_EXTENDS_COLON>True</SPACE_BEFORE_EXTENDS_COLON>
      <SPACE_AFTER_EXTENDS_COLON>True</SPACE_AFTER_EXTENDS_COLON>
      <SPACE_BEFORE_TYPE_PARAMETER_CONSTRAINT_COLON>True</SPACE_BEFORE_TYPE_PARAMETER_CONSTRAINT_COLON>
      <SPACE_AFTER_TYPE_PARAMETER_CONSTRAINT_COLON>True</SPACE_AFTER_TYPE_PARAMETER_CONSTRAINT_COLON>
      <SPACE_AROUND_ASSIGNMENT_OP>True</SPACE_AROUND_ASSIGNMENT_OP>
      <SPACE_AROUND_LOGICAL_OP>True</SPACE_AROUND_LOGICAL_OP>
      <SPACE_AROUND_EQUALITY_OP>True</SPACE_AROUND_EQUALITY_OP>
      <SPACE_AROUND_RELATIONAL_OP>True</SPACE_AROUND_RELATIONAL_OP>
      <SPACE_AROUND_BITWISE_OP>True</SPACE_AROUND_BITWISE_OP>
      <SPACE_AROUND_ADDITIVE_OP>True</SPACE_AROUND_ADDITIVE_OP>
      <SPACE_AROUND_MULTIPLICATIVE_OP>False</SPACE_AROUND_MULTIPLICATIVE_OP>
      <SPACE_AROUND_SHIFT_OP>True</SPACE_AROUND_SHIFT_OP>
      <SPACE_AFTER_AMPERSAND_OP>False</SPACE_AFTER_AMPERSAND_OP>
      <SPACE_AFTER_ASTERIK_OP>False</SPACE_AFTER_ASTERIK_OP>
      <SPACE_AROUND_ARROW_OP>False</SPACE_AROUND_ARROW_OP>
      <SPACE_AROUND_DOT>False</SPACE_AROUND_DOT>
      <SPACE_IN_SINGLELINE_ACCESSOR>True</SPACE_IN_SINGLELINE_ACCESSOR>
      <SPACE_WITHIN_ATTRIBUTE_BRACKETS>False</SPACE_WITHIN_ATTRIBUTE_BRACKETS>
      <SPACE_BEFORE_SEMICOLON>False</SPACE_BEFORE_SEMICOLON>
      <SPACE_BEFORE_COLON_IN_CASE>False</SPACE_BEFORE_COLON_IN_CASE>
      <SPACE_BEFORE_NULLABLE_MARK>False</SPACE_BEFORE_NULLABLE_MARK>
      <SPACE_BEFORE_ARRAY_CREATION_BRACE>True</SPACE_BEFORE_ARRAY_CREATION_BRACE>
      <SPACE_BEFORE_ARRAY_RANK_BRACKETS>False</SPACE_BEFORE_ARRAY_RANK_BRACKETS>
      <SPACE_WITHIN_ARRAY_RANK_BRACKETS>False</SPACE_WITHIN_ARRAY_RANK_BRACKETS>
      <SPACE_WITHIN_ARRAY_RANK_EMPTY_BRACKETS>False</SPACE_WITHIN_ARRAY_RANK_EMPTY_BRACKETS>
      <SPACE_BEFORE_POINTER_ASTERIK_DECLARATION>False</SPACE_BEFORE_POINTER_ASTERIK_DECLARATION>
      <SPACE_WITHIN_SINGLE_LINE_ARRAY_INITIALIZER_BRACES>False</SPACE_WITHIN_SINGLE_LINE_ARRAY_INITIALIZER_BRACES>
      <TYPE_DECLARATION_BRACES>END_OF_LINE</TYPE_DECLARATION_BRACES>
      <INVOCABLE_DECLARATION_BRACES>END_OF_LINE</INVOCABLE_DECLARATION_BRACES>
      <INDENT_ANONYMOUS_METHOD_BLOCK>True</INDENT_ANONYMOUS_METHOD_BLOCK>
      <ANONYMOUS_METHOD_DECLARATION_BRACES>NEXT_LINE_SHIFTED_2</ANONYMOUS_METHOD_DECLARATION_BRACES>
      <CASE_BLOCK_BRACES>END_OF_LINE</CASE_BLOCK_BRACES>
      <OTHER_BRACES>END_OF_LINE</OTHER_BRACES>
      <EMPTY_BLOCK_STYLE>TOGETHER</EMPTY_BLOCK_STYLE>
      <PLACE_ELSE_ON_NEW_LINE>True</PLACE_ELSE_ON_NEW_LINE>
      <PLACE_WHILE_ON_NEW_LINE>False</PLACE_WHILE_ON_NEW_LINE>
      <PLACE_CATCH_ON_NEW_LINE>True</PLACE_CATCH_ON_NEW_LINE>
      <PLACE_FINALLY_ON_NEW_LINE>True</PLACE_FINALLY_ON_NEW_LINE>
      <FORCE_IFELSE_BRACES_STYLE>ALWAYS_REMOVE</FORCE_IFELSE_BRACES_STYLE>
      <FORCE_FOR_BRACES_STYLE>ALWAYS_REMOVE</FORCE_FOR_BRACES_STYLE>
      <FORCE_FOREACH_BRACES_STYLE>ALWAYS_REMOVE</FORCE_FOREACH_BRACES_STYLE>
      <FORCE_WHILE_BRACES_STYLE>ALWAYS_REMOVE</FORCE_WHILE_BRACES_STYLE>
      <FORCE_USING_BRACES_STYLE>ALWAYS_REMOVE</FORCE_USING_BRACES_STYLE>
      <FORCE_FIXED_BRACES_STYLE>ALWAYS_REMOVE</FORCE_FIXED_BRACES_STYLE>
      <KEEP_BLANK_LINES_IN_DECLARATIONS>1</KEEP_BLANK_LINES_IN_DECLARATIONS>
      <KEEP_BLANK_LINES_IN_CODE>1</KEEP_BLANK_LINES_IN_CODE>
      <KEEP_USER_LINEBREAKS>True</KEEP_USER_LINEBREAKS>
      <BLANK_LINES_BEFORE_USING>0</BLANK_LINES_BEFORE_USING>
      <BLANK_LINES_AFTER_USING>1</BLANK_LINES_AFTER_USING>
      <BLANK_LINES_AROUND_NAMESPACE>1</BLANK_LINES_AROUND_NAMESPACE>
      <BLANK_LINES_AROUND_TYPE>1</BLANK_LINES_AROUND_TYPE>
      <BLANK_LINES_AROUND_FIELD>1</BLANK_LINES_AROUND_FIELD>
      <BLANK_LINES_AROUND_SINGLE_LINE_FIELD>0</BLANK_LINES_AROUND_SINGLE_LINE_FIELD>
      <BLANK_LINES_AROUND_INVOCABLE>1</BLANK_LINES_AROUND_INVOCABLE>
      <BLANK_LINES_AROUND_SINGLE_LINE_INVOCABLE>0</BLANK_LINES_AROUND_SINGLE_LINE_INVOCABLE>
      <BLANK_LINES_AROUND_REGION>1</BLANK_LINES_AROUND_REGION>
      <BLANK_LINES_INSIDE_REGION>1</BLANK_LINES_INSIDE_REGION>
      <BLANK_LINES_BETWEEN_USING_GROUPS>0</BLANK_LINES_BETWEEN_USING_GROUPS>
      <MODIFIERS_ORDER length="14">
        <_0>public</_0>
        <_1>protected</_1>
        <_2>internal</_2>
        <_3>private</_3>
        <_4>new</_4>
        <_5>abstract</_5>
        <_6>virtual</_6>
        <_7>override</_7>
        <_8>sealed</_8>
        <_9>static</_9>
        <_10>readonly</_10>
        <_11>extern</_11>
        <_12>unsafe</_12>
        <_13>volatile</_13>
      </MODIFIERS_ORDER>
      <EXPLICIT_PRIVATE_MODIFIER>True</EXPLICIT_PRIVATE_MODIFIER>
      <EXPLICIT_INTERNAL_MODIFIER>True</EXPLICIT_INTERNAL_MODIFIER>
      <ALIGN_MULTILINE_PARAMETER>True</ALIGN_MULTILINE_PARAMETER>
      <ALIGN_MULTILINE_ARGUMENT>True</ALIGN_MULTILINE_ARGUMENT>
      <ALIGN_MULTILINE_EXTENDS_LIST>True</ALIGN_MULTILINE_EXTENDS_LIST>
      <ALIGN_MULTILINE_EXPRESSION>True</ALIGN_MULTILINE_EXPRESSION>
      <ALIGN_MULTILINE_ARRAY_INITIALIZER>True</ALIGN_MULTILINE_ARRAY_INITIALIZER>
      <ALIGN_MULTLINE_TYPE_PARAMETER_LIST>True</ALIGN_MULTLINE_TYPE_PARAMETER_LIST>
      <ALIGN_MULTLINE_TYPE_PARAMETER_CONSTRAINS>True</ALIGN_MULTLINE_TYPE_PARAMETER_CONSTRAINS>
      <ALIGN_MULTILINE_FOR_STMT>True</ALIGN_MULTILINE_FOR_STMT>
      <ALIGN_MULTIPLE_DECLARATION>True</ALIGN_MULTIPLE_DECLARATION>
      <WRAP_LINES>True</WRAP_LINES>
      <WRAP_LIMIT>120</WRAP_LIMIT>
      <WRAP_BEFORE_INVOCATION_LPAR>False</WRAP_BEFORE_INVOCATION_LPAR>
      <WRAP_AFTER_INVOCATION_LPAR>False</WRAP_AFTER_INVOCATION_LPAR>
      <WRAP_BEFORE_DECLARATION_LPAR>False</WRAP_BEFORE_DECLARATION_LPAR>
      <WRAP_AFTER_DECLARATION_LPAR>False</WRAP_AFTER_DECLARATION_LPAR>
      <WRAP_BEFORE_TYPE_PARAMETER_LANGLE>False</WRAP_BEFORE_TYPE_PARAMETER_LANGLE>
      <WRAP_BEFORE_EXTENDS_COLON>False</WRAP_BEFORE_EXTENDS_COLON>
      <WRAP_BEFORE_BINARY_OPSIGN>False</WRAP_BEFORE_BINARY_OPSIGN>
      <WRAP_BEFORE_FIRST_TYPE_PARAMETER_CONSTRAINT>False</WRAP_BEFORE_FIRST_TYPE_PARAMETER_CONSTRAINT>
      <FORCE_CHOP_COMPOUND_IF_EXPRESSION>False</FORCE_CHOP_COMPOUND_IF_EXPRESSION>
      <FORCE_CHOP_COMPOUND_WHILE_EXPRESSION>False</FORCE_CHOP_COMPOUND_WHILE_EXPRESSION>
      <FORCE_CHOP_COMPOUND_DO_EXPRESSION>False</FORCE_CHOP_COMPOUND_DO_EXPRESSION>
      <WRAP_PARAMETERS_STYLE>WRAP_IF_LONG</WRAP_PARAMETERS_STYLE>
      <WRAP_ARGUMENTS_STYLE>WRAP_IF_LONG</WRAP_ARGUMENTS_STYLE>
      <WRAP_EXTENDS_LIST_STYLE>WRAP_IF_LONG</WRAP_EXTENDS_LIST_STYLE>
      <WRAP_FOR_STMT_HEADER_STYLE>CHOP_IF_LONG</WRAP_FOR_STMT_HEADER_STYLE>
      <WRAP_TERNARY_EXPR_STYLE>CHOP_IF_LONG</WRAP_TERNARY_EXPR_STYLE>
      <WRAP_MULTIPLE_DECLARATION_STYLE>CHOP_IF_LONG</WRAP_MULTIPLE_DECLARATION_STYLE>
      <WRAP_MULTIPLE_TYPE_PARAMEER_CONSTRAINTS_STYLE>CHOP_IF_LONG</WRAP_MULTIPLE_TYPE_PARAMEER_CONSTRAINTS_STYLE>
      <FORCE_ATTRIBUTE_STYLE>DO_NOT_CHANGE</FORCE_ATTRIBUTE_STYLE>
      <PLACE_ABSTRACT_ACCESSORHOLDER_ON_SINGLE_LINE>True</PLACE_ABSTRACT_ACCESSORHOLDER_ON_SINGLE_LINE>
      <PLACE_SIMPLE_ACCESSORHOLDER_ON_SINGLE_LINE>False</PLACE_SIMPLE_ACCESSORHOLDER_ON_SINGLE_LINE>
      <PLACE_SIMPLE_ACCESSOR_ON_SINGLE_LINE>True</PLACE_SIMPLE_ACCESSOR_ON_SINGLE_LINE>
      <PLACE_TYPE_ATTRIBUTE_ON_SAME_LINE>False</PLACE_TYPE_ATTRIBUTE_ON_SAME_LINE>
      <PLACE_METHOD_ATTRIBUTE_ON_SAME_LINE>False</PLACE_METHOD_ATTRIBUTE_ON_SAME_LINE>
      <PLACE_ACCESSORHOLDER_ATTRIBUTE_ON_SAME_LINE>False</PLACE_ACCESSORHOLDER_ATTRIBUTE_ON_SAME_LINE>
      <PLACE_FIELD_ATTRIBUTE_ON_SAME_LINE>True</PLACE_FIELD_ATTRIBUTE_ON_SAME_LINE>
      <PLACE_CONSTRUCTOR_INITIALIZER_ON_SAME_LINE>True</PLACE_CONSTRUCTOR_INITIALIZER_ON_SAME_LINE>
      <SPECIAL_ELSE_IF_TREATMENT>True</SPECIAL_ELSE_IF_TREATMENT>
      <INDENT_CASE_FROM_SWITCH>True</INDENT_CASE_FROM_SWITCH>
      <INDENT_NESTED_USINGS_STMT>False</INDENT_NESTED_USINGS_STMT>
      <INDENT_NESTED_FIXED_STMT>False</INDENT_NESTED_FIXED_STMT>
      <STICK_COMMENT>True</STICK_COMMENT>
      <REDUNDANT_THIS_QUALIFIER_STYLE>DO_NOT_USE</REDUNDANT_THIS_QUALIFIER_STYLE>
    </FormatSettings>
    <UsingsSettings>
      <AddImportsToDeepestScope>False</AddImportsToDeepestScope>
      <AllowAlias>True</AllowAlias>
      <PreferQualifiedReference>False</PreferQualifiedReference>
      <SortUsings>True</SortUsings>
      <KeepImports length="0" />
      <MandatoryImports length="0" />
      <KeepNontrivialAlias>True</KeepNontrivialAlias>
    </UsingsSettings>
  </CSharp>
  <SkipRegions length="4">
    <_0>Windows Form Designer generated code</_0>
    <_1>Component Designer generated code</_1>
    <_2>Designer generated code</_2>
    <_3>Web Form Designer generated code</_3>
  </SkipRegions>
</CodeStyleSettings>