<TemplatesExport>
  <Folder name="File 'LiveTemplates.xml'">
    <Folder name="hbm">
      <Template uid="3a1661de-1a28-4c42-8612-b26a6dd52d17" text="    &lt;set name=&quot;$Name$&quot; access=&quot;field.camelcase&quot; cascade=&quot;all-delete-orphan&quot; inverse=&quot;true&quot; lazy=&quot;true&quot;&gt;&#xD;&#xA;      &lt;key column=&quot;$KeyName$&quot; /&gt;&#xD;&#xA;      &lt;one-to-many class=&quot;$Namespace$.$TypeName$&quot;  /&gt;&#xD;&#xA;    &lt;/set&gt;" shortcut="set" description="a set for an entity" reformat="true" shortenQualifiedReferences="true">
        <Context>
          <FileNameContext mask="*.hbm.xml" />
        </Context>
        <Variables>
          <Variable name="Name" expression="" initialRange="0" />
          <Variable name="KeyName" expression="" initialRange="0" />
          <Variable name="Namespace" expression="fileDefaultNamespace()" initialRange="0" />
          <Variable name="TypeName" expression="" initialRange="0" />
        </Variables>
        <CustomProperties />
      </Template>
      <Template uid="d06337ce-c298-4dd8-90cd-3706a590dfd0" text="  &lt;many-to-one name=&quot;$Name$&quot; class=&quot;$Namespace$.$TypeName$&quot; column=&quot;$KeyName$&quot; /&gt;" shortcut="ManyToOne" description="create a many to one setting" reformat="true" shortenQualifiedReferences="true">
        <Context>
          <FileNameContext mask="*.hbm.xml" />
        </Context>
        <Variables>
          <Variable name="Namespace" expression="fileDefaultNamespace()" initialRange="0" />
          <Variable name="Name" expression="" initialRange="0" />
          <Variable name="TypeName" expression="" initialRange="0" />
          <Variable name="KeyName" expression="" initialRange="0" />
        </Variables>
        <CustomProperties />
      </Template>
      <Template uid="43cb520d-a988-4226-8176-dd05cfea16e8" text=" &lt;id name=&quot;Id&quot; &gt;&#xD;&#xA;      &lt;generator class=&quot;foreign&quot;&gt;&#xD;&#xA;        &lt;param name=&quot;property&quot;&gt;$ForeighTypeName$&lt;/param&gt;&#xD;&#xA;      &lt;/generator&gt;&#xD;&#xA;    &lt;/id&gt;" shortcut="OneOneId" description="Id Generator for One to One relationship" reformat="true" shortenQualifiedReferences="true">
        <Context>
          <FileNameContext mask="*.hbm.xml" />
        </Context>
        <Variables>
          <Variable name="ForeighTypeName" expression="" initialRange="0" />
        </Variables>
        <CustomProperties />
      </Template>
    </Folder>
    <Template uid="fa2c1aa8-2d98-4fc9-86b6-517e71263b50" text="private static readonly $Class$ instance = new $Class$();&#xD;&#xA;public static   $Class$ Instance { get{ return instance;}}&#xD;&#xA;&#xD;&#xA;private $Class$(){}" shortcut="single" description="Singleton Simple" reformat="true" shortenQualifiedReferences="true">
      <Variables>
        <Variable name="Class" expression="typeName()" initialRange="0" />
      </Variables>
      <CustomProperties />
    </Template>
    <Template uid="8f62c800-1a4f-44dc-8e86-0f7a252941f0" text="[Test]&#xD;&#xA;public void $TestName$Test(){&#xD;&#xA;&#xD;&#xA;}" shortcut="Test" description="UnitTest" reformat="false" shortenQualifiedReferences="true">
      <Context>
        <CSharpContext context="TypeMember" />
      </Context>
      <Variables>
        <Variable name="TestName" expression="" initialRange="0" />
      </Variables>
      <CustomProperties />
    </Template>
    <Template uid="c1cbf1a1-9036-40cb-aac0-7d6f3560cbdc" text="    private $EntityT$ $FieldName$;&#xD;&#xA;    public $EntityT$ $PropertyName$ {&#xD;&#xA;        get&#xD;&#xA;        {&#xD;&#xA;            if (ViewState[&quot;$FieldName$ID&quot;] == null) return null;&#xD;&#xA;            if ($FieldName$ == null)&#xD;&#xA;                $FieldName$ = $EntityT$DAO.Instance.FindById((int)ViewState[&quot;$FieldName$ID&quot;]);&#xD;&#xA;            return $FieldName$;&#xD;&#xA;        }&#xD;&#xA;        set {&#xD;&#xA;            $FieldName$ = value;&#xD;&#xA;            if (value == null)&#xD;&#xA;                ViewState[&quot;$FieldName$ID&quot;] = null;&#xD;&#xA;            else &#xD;&#xA;                ViewState[&quot;$FieldName$ID&quot;] = value.Id;&#xD;&#xA;        }&#xD;&#xA;    }" shortcut="ViewStateField" description="persistent enitity in viewstate" reformat="false" shortenQualifiedReferences="true">
      <Context>
        <CSharpContext context="12" />
      </Context>
      <Variables>
        <Variable name="EntityT" expression="" initialRange="0" />
        <Variable name="FieldName" expression="" initialRange="0" />
        <Variable name="PropertyName" expression="capitalize(FieldName)" initialRange="0" />
      </Variables>
      <CustomProperties />
    </Template>
    <Template uid="d5f933e0-de4b-487f-94e6-7dba91f5b7a1" text="if ($EventName$ != null)&#xD;&#xA;            $EventName$(this, new System.EventArgs());" shortcut="FrEvnt" description="Fire an System.EventHandeler Event" reformat="true" shortenQualifiedReferences="true">
      <Context>
        <CSharpContext context="Statement" />
      </Context>
      <Variables>
        <Variable name="EventName" expression="" initialRange="0" />
      </Variables>
      <CustomProperties />
    </Template>
    <Template uid="deb8e00d-83e3-4190-86f7-82fa3c7298ec" text="&#xD;&#xA;        public static ICollection&lt;ValidationError&gt; ValidateName(string n) {&#xD;&#xA;            IList&lt;ValidationError&gt; retVal = new List&lt;ValidationError&gt;();&#xD;&#xA;            if ($TypeName$DAO.Instance.FindByName(n) != null)&#xD;&#xA;                retVal.Add(new ValidationError(&quot;This name is already used&quot;));&#xD;&#xA;            return retVal;&#xD;&#xA;        }&#xD;&#xA;" shortcut="ValidateName" description="ValidateName static methods" reformat="true" shortenQualifiedReferences="true">
      <Context>
        <CSharpContext context="TypeMember" />
      </Context>
      <Variables>
        <Variable name="TypeName" expression="typeName()" initialRange="0" />
      </Variables>
      <CustomProperties />
    </Template>
    <Template uid="85b4d10c-1714-4328-bf84-f4c2fc951a1c" text="    public $PropertyType$ $PropertyName$ {&#xD;&#xA;        get {&#xD;&#xA;            if(  ViewState[&quot;$PropertyName$&quot;] == null)&#xD;&#xA;                ViewState[&quot;$PropertyName$&quot;] = $DefaultValue$;&#xD;&#xA;             return ($PropertyType$)ViewState[&quot;$PropertyName$&quot;];&#xD;&#xA;        }&#xD;&#xA;        set {&#xD;&#xA;            ViewState[&quot;$PropertyName$&quot;] = value; &#xD;&#xA;        }&#xD;&#xA;    }" shortcut="ViewStateProp" description="Property stored in Viewstate" reformat="true" shortenQualifiedReferences="true">
      <Context>
        <CSharpContext context="TypeMember" />
      </Context>
      <Variables>
        <Variable name="PropertyName" expression="" initialRange="0" />
        <Variable name="PropertyType" expression="" initialRange="0" />
        <Variable name="DefaultValue" expression="" initialRange="0" />
      </Variables>
      <CustomProperties />
    </Template>
    <Template uid="7e1af4ad-3809-4a26-a805-3d400a7d6531" text="private $Type$ $fieldName$;&#xD;&#xA;public $Type$ $PropertyName${&#xD;&#xA;   get{ return $fieldName$;}&#xD;&#xA;   set{ $fieldName$ = value;}&#xD;&#xA;}" shortcut="prop" description="Property" reformat="true" shortenQualifiedReferences="true">
      <Context>
        <CSharpContext context="TypeMember" />
      </Context>
      <Variables>
        <Variable name="Type" expression="" initialRange="0" />
        <Variable name="fieldName" expression="" initialRange="0" />
        <Variable name="PropertyName" expression="capitalize(fieldName)" initialRange="0" />
      </Variables>
      <CustomProperties />
    </Template>
  </Folder>
</TemplatesExport>