<TemplatesExport>
  <Folder name="File 'SurroundWith.xml'">
    <Folder name="ASP.NET">
      <Template uid="ab794b9a-94db-453d-8fb9-da4fad74927d" text="&lt;atlas:UpdatePanel ID=&quot;$upMain$&quot; runat=&quot;server&quot; Mode=&quot;Conditional&quot;&gt;&#xD;&#xA;    &lt;ContentTemplate&gt;&#xD;&#xA;          $SELECTION$&#xD;&#xA;       &lt;/ContentTemplate&gt;&#xD;&#xA;&lt;/atlas:UpdatePanel&gt;&#xD;&#xA;" shortcut="" description="UpdatePanel" reformat="true" shortenQualifiedReferences="true">
        <Context>
          <FileNameContext mask="*.aspx;*.ascx" />
        </Context>
        <Variables>
          <Variable name="upMain" expression="" initialRange="0" />
        </Variables>
        <CustomProperties />
      </Template>
      <Template uid="9168bf7c-f62b-4b8b-a560-6e99a9e44cb1" text="        &lt;table cellpadding=&quot;$cp$&quot; cellspacing=&quot;$cs$&quot; width=&quot;$width$%&quot;&gt; &#xD;&#xA;            &lt;tr&gt;&#xD;&#xA;                &lt;td&gt;  $SELECTION$&#xD;&#xA;                &lt;/td&gt;&#xD;&#xA;            &lt;/tr&gt;&#xD;&#xA;        &lt;/table&gt;" shortcut="" description="Table" reformat="true" shortenQualifiedReferences="true">
        <Context>
          <FileNameContext mask="*.aspx;*.html;*.htm;*.ascx" />
        </Context>
        <Variables>
          <Variable name="cs" expression="constant(&quot;0&quot;)" initialRange="0" />
          <Variable name="cp" expression="constant(&quot;0&quot;)" initialRange="0" />
          <Variable name="width" expression="constant(&quot;100&quot;)" initialRange="0" />
        </Variables>
        <CustomProperties />
      </Template>
      <Template uid="9e25188d-53c4-4e98-8ce8-db37991f3d33" text="        &lt;asp:PlaceHolder ID=&quot;$phMain$&quot; runat=&quot;server&quot;&gt;&#xD;&#xA;            $SELECTION$&#xD;&#xA;        &lt;/asp:PlaceHolder&gt;" shortcut="" description="PlaceHolder" reformat="true" shortenQualifiedReferences="true">
        <Context>
          <FileNameContext mask="*.aspx; *.ascx" />
        </Context>
        <Variables>
          <Variable name="phMain" expression="" initialRange="0" />
        </Variables>
        <CustomProperties />
      </Template>
      <Template uid="01eb4aa4-7d3a-45b8-a354-9501f3f372be" text="&lt;atlas:UpdatePanel ID=&quot;upMain&quot; runat=&quot;server&quot; Mode=&quot;Conditional&quot;&gt;&#xD;&#xA;    &lt;ContentTemplate&gt;&#xD;&#xA;        &lt;asp:Panel ID=&quot;pnlPopup&quot; runat=&quot;server&quot; CssClass=&quot;modalPopup&quot;&gt;&#xD;&#xA;           &lt;atlas:UpdatePanel ID=&quot;upInner&quot; runat=&quot;server&quot; Mode=&quot;Conditional&quot;&gt;&#xD;&#xA;                &lt;ContentTemplate&gt;&#xD;&#xA;                  $SELECTION$&#xD;&#xA;            &lt;/ContentTemplate&gt;&#xD;&#xA;            &lt;/atlas:UpdatePanel&gt;&#xD;&#xA;        &lt;/asp:Panel&gt;&#xD;&#xA;        &lt;asp:LinkButton ID=&quot;lbHidden&quot; runat=&quot;server&quot;&gt;&lt;/asp:LinkButton&gt;&#xD;&#xA;        &lt;atlas:ModalPopupExtender ID=&quot;ModalPopupExtender&quot; runat=&quot;server&quot;&gt;&#xD;&#xA;            &lt;atlas:ModalPopupProperties ID=&quot;ModalPopupProperty&quot; TargetControlID=&quot;lbHidden&quot; PopupControlID=&quot;pnlPopup&quot;&#xD;&#xA;                BackgroundCssClass=&quot;modalBackground&quot; DropShadow=&quot;true&quot; OkControlID=&quot;lbHidden&quot; /&gt;&#xD;&#xA;        &lt;/atlas:ModalPopupExtender&gt;&#xD;&#xA;    &lt;/ContentTemplate&gt;&#xD;&#xA;&lt;/atlas:UpdatePanel&gt;&#xD;&#xA;&lt;!-- code to add to the behind &#xD;&#xA;    public void Show() {&#xD;&#xA;        upMain.Update();&#xD;&#xA;        upInner.Update();&#xD;&#xA;        ModalPopupProperty.Show();&#xD;&#xA;    }&#xD;&#xA;&#xD;&#xA;    public void Hide() {&#xD;&#xA;         upMain.Update();&#xD;&#xA;        ModalPopupProperty.Hide();&#xD;&#xA;    }&#xD;&#xA;&#xD;&#xA;&#xD;&#xA;--&gt;" shortcut="" description="modalPopup" reformat="true" shortenQualifiedReferences="true">
        <Context>
          <FileNameContext mask="*.aspx;*.ascx;" />
        </Context>
        <Variables />
        <CustomProperties />
      </Template>
    </Folder>
  </Folder>
</TemplatesExport>