<?xml version="1.0" encoding="utf-8" ?> 
<hibernate-mapping xmlns="urn:nhibernate-mapping-2.2" schema="dbo"  assembly="MindHarbor.SampleStore.$safeprojectname$" namespace="MindHarbor.SampleStore.$safeprojectname$.Checkout" default-lazy="false">
  <class name="Donation" table="tblDonation"  >
    <id name="Id" type="Int32"  unsaved-value="0">
      <generator class="identity" />
    </id>
    <many-to-one name="User" column="UserId" />
    <one-to-one name="Payment" class="Payment" cascade="all" />
    <property name="Total" column="odrTotal" />
  </class>
</hibernate-mapping>