<?xml version="1.0" encoding="utf-8" ?>
<hibernate-mapping xmlns="urn:nhibernate-mapping-2.2" schema="dbo"  assembly="MindHarbor.SampleStore.$safeprojectname$"  namespace="MindHarbor.SampleStore.$safeprojectname$.Checkout" default-lazy="false">
  <class name="Payment" table="tblPayment"  >
    <id name="Id"  >
      <generator class="foreign" >
        <param name="property">Donation</param>
      </generator>
    </id>
    <one-to-one name="Donation" class="Donation" constrained="true"/>
    <property name="Total" column="pmtTotal" />
    <property name="CCNum" />
  </class>
</hibernate-mapping>